{
  "roc_auc": 0.7729840899211914,
  "precision": 0.4156141348280016,
  "recall": 0.4786721294257948,
  "f1": 0.42484832544603923,
  "FP": 1216.5,
  "FN": 856.25,
  "n_ok": 4,
  "n_total": 5,
  "target_recall": 0.8
}